-- MySQL dump 10.13  Distrib 8.0.18, for Win64 (x86_64)
--
-- Host: 127.0.0.1    Database: rshp
-- ------------------------------------------------------
-- Server version	8.0.30

/*!40101 SET @OLD_CHARACTER_SET_CLIENT=@@CHARACTER_SET_CLIENT */;
/*!40101 SET @OLD_CHARACTER_SET_RESULTS=@@CHARACTER_SET_RESULTS */;
/*!40101 SET @OLD_COLLATION_CONNECTION=@@COLLATION_CONNECTION */;
/*!50503 SET NAMES utf8mb4 */;
/*!40103 SET @OLD_TIME_ZONE=@@TIME_ZONE */;
/*!40103 SET TIME_ZONE='+00:00' */;
/*!40014 SET @OLD_UNIQUE_CHECKS=@@UNIQUE_CHECKS, UNIQUE_CHECKS=0 */;
/*!40014 SET @OLD_FOREIGN_KEY_CHECKS=@@FOREIGN_KEY_CHECKS, FOREIGN_KEY_CHECKS=0 */;
/*!40101 SET @OLD_SQL_MODE=@@SQL_MODE, SQL_MODE='NO_AUTO_VALUE_ON_ZERO' */;
/*!40111 SET @OLD_SQL_NOTES=@@SQL_NOTES, SQL_NOTES=0 */;

--
-- Table structure for table `detail_rekam_medis`
--

DROP TABLE IF EXISTS `detail_rekam_medis`;
/*!40101 SET @saved_cs_client     = @@character_set_client */;
/*!50503 SET character_set_client = utf8mb4 */;
CREATE TABLE `detail_rekam_medis` (
  `iddetail_rekam_medis` int NOT NULL AUTO_INCREMENT,
  `idrekam_medis` int NOT NULL,
  `idkode_tindakan_terapi` int NOT NULL,
  `detail` varchar(1000) COLLATE utf8mb4_general_ci DEFAULT NULL,
  PRIMARY KEY (`iddetail_rekam_medis`),
  KEY `fk_detail_rekam_medis_rekam_medis1_idx` (`idrekam_medis`),
  KEY `idkode_tindakan_terapi` (`idkode_tindakan_terapi`),
  CONSTRAINT `detail_rekam_medis_ibfk_1` FOREIGN KEY (`idkode_tindakan_terapi`) REFERENCES `kode_tindakan_terapi` (`idkode_tindakan_terapi`),
  CONSTRAINT `fk_detail_rekam_medis_rekam_medis1` FOREIGN KEY (`idrekam_medis`) REFERENCES `rekam_medis` (`idrekam_medis`)
) ENGINE=InnoDB DEFAULT CHARSET=utf8mb4 COLLATE=utf8mb4_general_ci;
/*!40101 SET character_set_client = @saved_cs_client */;

--
-- Dumping data for table `detail_rekam_medis`
--

LOCK TABLES `detail_rekam_medis` WRITE;
/*!40000 ALTER TABLE `detail_rekam_medis` DISABLE KEYS */;
/*!40000 ALTER TABLE `detail_rekam_medis` ENABLE KEYS */;
UNLOCK TABLES;

--
-- Table structure for table `jenis_hewan`
--

DROP TABLE IF EXISTS `jenis_hewan`;
/*!40101 SET @saved_cs_client     = @@character_set_client */;
/*!50503 SET character_set_client = utf8mb4 */;
CREATE TABLE `jenis_hewan` (
  `idjenis_hewan` int NOT NULL AUTO_INCREMENT,
  `nama_jenis_hewan` varchar(100) COLLATE utf8mb4_general_ci DEFAULT NULL,
  PRIMARY KEY (`idjenis_hewan`)
) ENGINE=InnoDB AUTO_INCREMENT=7 DEFAULT CHARSET=utf8mb4 COLLATE=utf8mb4_general_ci;
/*!40101 SET character_set_client = @saved_cs_client */;

--
-- Dumping data for table `jenis_hewan`
--

LOCK TABLES `jenis_hewan` WRITE;
/*!40000 ALTER TABLE `jenis_hewan` DISABLE KEYS */;
INSERT INTO `jenis_hewan` VALUES (1,'Anjing (Canis lupus familiaris)'),(2,'Kucing (Felis catus)'),(3,'Kelinci (Oryctolagus cuniculus)'),(4,'Burung'),(5,'Reptil'),(6,'Rodent / Hewan Kecil');
/*!40000 ALTER TABLE `jenis_hewan` ENABLE KEYS */;
UNLOCK TABLES;

--
-- Table structure for table `kategori`
--

DROP TABLE IF EXISTS `kategori`;
/*!40101 SET @saved_cs_client     = @@character_set_client */;
/*!50503 SET character_set_client = utf8mb4 */;
CREATE TABLE `kategori` (
  `idkategori` int NOT NULL,
  `nama_kategori` varchar(100) COLLATE utf8mb4_general_ci DEFAULT NULL,
  PRIMARY KEY (`idkategori`)
) ENGINE=InnoDB DEFAULT CHARSET=utf8mb4 COLLATE=utf8mb4_general_ci;
/*!40101 SET character_set_client = @saved_cs_client */;

--
-- Dumping data for table `kategori`
--

LOCK TABLES `kategori` WRITE;
/*!40000 ALTER TABLE `kategori` DISABLE KEYS */;
INSERT INTO `kategori` VALUES (1,'Vaksinasi'),(2,'Bedah / Operasi'),(3,'Cairan infus'),(4,'Terapi Injeksi'),(5,'Terapi Oral'),(6,'Diagnostik'),(7,'Rawat Inap'),(8,'Lain-lain');
/*!40000 ALTER TABLE `kategori` ENABLE KEYS */;
UNLOCK TABLES;

--
-- Table structure for table `kategori_klinis`
--

DROP TABLE IF EXISTS `kategori_klinis`;
/*!40101 SET @saved_cs_client     = @@character_set_client */;
/*!50503 SET character_set_client = utf8mb4 */;
CREATE TABLE `kategori_klinis` (
  `idkategori_klinis` int NOT NULL,
  `nama_kategori_klinis` varchar(50) COLLATE utf8mb4_general_ci DEFAULT NULL,
  PRIMARY KEY (`idkategori_klinis`)
) ENGINE=InnoDB DEFAULT CHARSET=utf8mb4 COLLATE=utf8mb4_general_ci;
/*!40101 SET character_set_client = @saved_cs_client */;

--
-- Dumping data for table `kategori_klinis`
--

LOCK TABLES `kategori_klinis` WRITE;
/*!40000 ALTER TABLE `kategori_klinis` DISABLE KEYS */;
INSERT INTO `kategori_klinis` VALUES (1,'Terapi'),(2,'Tindakan');
/*!40000 ALTER TABLE `kategori_klinis` ENABLE KEYS */;
UNLOCK TABLES;

--
-- Table structure for table `kode_tindakan_terapi`
--

DROP TABLE IF EXISTS `kode_tindakan_terapi`;
/*!40101 SET @saved_cs_client     = @@character_set_client */;
/*!50503 SET character_set_client = utf8mb4 */;
CREATE TABLE `kode_tindakan_terapi` (
  `idkode_tindakan_terapi` int NOT NULL AUTO_INCREMENT,
  `kode` varchar(5) COLLATE utf8mb4_general_ci DEFAULT NULL,
  `deskripsi_tindakan_terapi` varchar(1000) COLLATE utf8mb4_general_ci DEFAULT NULL,
  `idkategori` int NOT NULL,
  `idkategori_klinis` int NOT NULL,
  PRIMARY KEY (`idkode_tindakan_terapi`),
  KEY `fk_kode_tindakan_terapi_kategori1_idx` (`idkategori`),
  KEY `fk_kode_tindakan_terapi_kategori_klinis1_idx` (`idkategori_klinis`),
  CONSTRAINT `fk_kode_tindakan_terapi_kategori1` FOREIGN KEY (`idkategori`) REFERENCES `kategori` (`idkategori`),
  CONSTRAINT `fk_kode_tindakan_terapi_kategori_klinis1` FOREIGN KEY (`idkategori_klinis`) REFERENCES `kategori_klinis` (`idkategori_klinis`)
) ENGINE=InnoDB AUTO_INCREMENT=35 DEFAULT CHARSET=utf8mb4 COLLATE=utf8mb4_general_ci;
/*!40101 SET character_set_client = @saved_cs_client */;

--
-- Dumping data for table `kode_tindakan_terapi`
--

LOCK TABLES `kode_tindakan_terapi` WRITE;
/*!40000 ALTER TABLE `kode_tindakan_terapi` DISABLE KEYS */;
INSERT INTO `kode_tindakan_terapi` VALUES (1,'T01','Vaksinasi Rabies',1,1),(2,'T02','Vaksinasi Polivalen (DHPPi/L untuk anjing)',1,1),(3,'T03','Vaksinasi Panleukopenia / Tricat kucing',1,1),(4,'T04','Vaksinasi lainnya (bordetella, influenza, dsb.)',1,1),(5,'T05','Sterilisasi jantan',2,2),(6,'T06','Sterilisasi betina',2,2),(9,'T07','Minor surgery (luka, abses)',2,2),(10,'T08','Major surgery (laparotomi, tumor)',2,2),(11,'T09','Infus intravena cairan kristaloid',3,1),(12,'T10','Infus intravena cairan koloid',3,1),(13,'T11','Antibiotik injeksi',4,1),(14,'T12','Antiparasit injeksi',4,1),(15,'T13','Antiemetik / gastroprotektor',4,1),(16,'T14','Analgesik / antiinflamasi',4,1),(17,'T15','Kortikosteroid',4,1),(18,'T16','Antibiotik oral',5,1),(19,'T17','Antiparasit oral',5,1),(20,'T18','Vitamin / suplemen',5,1),(21,'T19','Diet khusus',5,1),(22,'T20','Pemeriksaan darah rutin',6,2),(23,'T21','Pemeriksaan kimia darah',6,2),(24,'T22','Pemeriksaan feses / parasitologi',6,2),(25,'T23','Pemeriksaan urin',6,2),(26,'T24','Radiografi (rontgen)',6,2),(27,'T25','USG Abdomen',6,2),(28,'T26','Sitologi / biopsi',6,2),(29,'T27','Rapid test penyakit infeksi',6,2),(30,'T28','Observasi sehari',7,2),(31,'T29','Observasi lebih dari 1 hari',7,2),(32,'T30','Grooming medis',8,2),(33,'T31','Deworming',8,1),(34,'T32','Ektoparasit control',8,1);
/*!40000 ALTER TABLE `kode_tindakan_terapi` ENABLE KEYS */;
UNLOCK TABLES;

--
-- Table structure for table `pemilik`
--

DROP TABLE IF EXISTS `pemilik`;
/*!40101 SET @saved_cs_client     = @@character_set_client */;
/*!50503 SET character_set_client = utf8mb4 */;
CREATE TABLE `pemilik` (
  `idpemilik` int NOT NULL AUTO_INCREMENT,
  `no_wa` varchar(45) COLLATE utf8mb4_general_ci DEFAULT NULL,
  `alamat` varchar(100) COLLATE utf8mb4_general_ci DEFAULT NULL,
  `iduser` bigint NOT NULL,
  PRIMARY KEY (`idpemilik`),
  KEY `fk_pemilik_user1_idx` (`iduser`),
  CONSTRAINT `fk_pemilik_user1` FOREIGN KEY (`iduser`) REFERENCES `user` (`iduser`)
) ENGINE=InnoDB AUTO_INCREMENT=4 DEFAULT CHARSET=utf8mb4 COLLATE=utf8mb4_general_ci;
/*!40101 SET character_set_client = @saved_cs_client */;

--
-- Dumping data for table `pemilik`
--

LOCK TABLES `pemilik` WRITE;
/*!40000 ALTER TABLE `pemilik` DISABLE KEYS */;
INSERT INTO `pemilik` VALUES (3,'081234567890','solo',15);
/*!40000 ALTER TABLE `pemilik` ENABLE KEYS */;
UNLOCK TABLES;

--
-- Table structure for table `pet`
--

DROP TABLE IF EXISTS `pet`;
/*!40101 SET @saved_cs_client     = @@character_set_client */;
/*!50503 SET character_set_client = utf8mb4 */;
CREATE TABLE `pet` (
  `idpet` int NOT NULL AUTO_INCREMENT,
  `nama` varchar(100) COLLATE utf8mb4_general_ci DEFAULT NULL,
  `tanggal_lahir` date DEFAULT NULL,
  `warna_tanda` varchar(45) COLLATE utf8mb4_general_ci DEFAULT NULL,
  `jenis_kelamin` char(1) COLLATE utf8mb4_general_ci DEFAULT NULL,
  `idpemilik` int NOT NULL,
  `idras_hewan` int NOT NULL,
  PRIMARY KEY (`idpet`),
  KEY `fk_pet_pemilik1_idx` (`idpemilik`),
  KEY `fk_pet_ras_hewan1_idx` (`idras_hewan`),
  CONSTRAINT `fk_pet_pemilik1` FOREIGN KEY (`idpemilik`) REFERENCES `pemilik` (`idpemilik`),
  CONSTRAINT `fk_pet_ras_hewan1` FOREIGN KEY (`idras_hewan`) REFERENCES `ras_hewan` (`idras_hewan`)
) ENGINE=InnoDB AUTO_INCREMENT=3 DEFAULT CHARSET=utf8mb4 COLLATE=utf8mb4_general_ci;
/*!40101 SET character_set_client = @saved_cs_client */;

--
-- Dumping data for table `pet`
--

LOCK TABLES `pet` WRITE;
/*!40000 ALTER TABLE `pet` DISABLE KEYS */;
INSERT INTO `pet` VALUES (2,'bowo','2025-09-14','putih','J',3,1);
/*!40000 ALTER TABLE `pet` ENABLE KEYS */;
UNLOCK TABLES;

--
-- Table structure for table `ras_hewan`
--

DROP TABLE IF EXISTS `ras_hewan`;
/*!40101 SET @saved_cs_client     = @@character_set_client */;
/*!50503 SET character_set_client = utf8mb4 */;
CREATE TABLE `ras_hewan` (
  `idras_hewan` int NOT NULL AUTO_INCREMENT,
  `nama_ras` varchar(100) COLLATE utf8mb4_general_ci DEFAULT NULL,
  `idjenis_hewan` int NOT NULL,
  PRIMARY KEY (`idras_hewan`),
  KEY `fk_ras_hewan_jenis_hewan1_idx` (`idjenis_hewan`),
  CONSTRAINT `fk_ras_hewan_jenis_hewan1` FOREIGN KEY (`idjenis_hewan`) REFERENCES `jenis_hewan` (`idjenis_hewan`)
) ENGINE=InnoDB AUTO_INCREMENT=45 DEFAULT CHARSET=utf8mb4 COLLATE=utf8mb4_general_ci;
/*!40101 SET character_set_client = @saved_cs_client */;

--
-- Dumping data for table `ras_hewan`
--

LOCK TABLES `ras_hewan` WRITE;
/*!40000 ALTER TABLE `ras_hewan` DISABLE KEYS */;
INSERT INTO `ras_hewan` VALUES (1,'Golden Retriever',1),(2,'Labrador Retriever',1),(3,'German Shepherd',1),(4,'Bulldog (English, French)',1),(5,'Poodle (Toy, Miniature, Standard)',1),(6,'Beagle',1),(7,'Siberian Husky',1),(8,'Shih Tzu',1),(9,'Dachshund',1),(10,'Chihuahua',1),(11,'Persia',2),(12,'Maine Coon',2),(13,'Siamese',2),(14,'Bengal',2),(15,'Sphynx',2),(16,'Scottish Fold',2),(17,'British Shorthair',2),(18,'Anggora',2),(19,'Domestic Shorthair (kampung)',2),(20,'Ragdoll',2),(21,'Holland Lop',3),(22,'Netherland Dwarf',3),(23,'Flemish Giant',3),(24,'Lionhead',3),(25,'Rex',3),(26,'Angora Rabbit',3),(27,'Mini Lop',3),(28,'Lovebird (Agapornis sp.)',4),(29,'Kakatua (Cockatoo)',4),(30,'Parrot / Nuri (Macaw, African Grey, Amazon Parrot)',4),(31,'Kenari (Serinus canaria)',4),(32,'Merpati (Columba livia)',4),(33,'Parkit (Budgerigar / Melopsittacus undulatus)',4),(34,'Jalak (Sturnus sp.)',4),(35,'Kura-kura Sulcata (African spurred tortoise)',5),(36,'Red-Eared Slider (Trachemys scripta elegans)',5),(37,'Leopard Gecko',5),(38,'Iguana hijau',5),(39,'Ball Python',5),(40,'Corn Snake',5),(41,'Hamster (Syrian, Roborovski, Campbell, Winter White)',6),(42,'Guinea Pig (Abyssinian, Peruvian, American Shorthair)',6),(43,'Gerbil',6),(44,'Chinchilla',6);
/*!40000 ALTER TABLE `ras_hewan` ENABLE KEYS */;
UNLOCK TABLES;

--
-- Table structure for table `rekam_medis`
--

DROP TABLE IF EXISTS `rekam_medis`;
/*!40101 SET @saved_cs_client     = @@character_set_client */;
/*!50503 SET character_set_client = utf8mb4 */;
CREATE TABLE `rekam_medis` (
  `idrekam_medis` int NOT NULL AUTO_INCREMENT,
  `created_at` timestamp NULL DEFAULT NULL,
  `anamnesa` varchar(1000) COLLATE utf8mb4_general_ci DEFAULT NULL,
  `temuan_klinis` varchar(1000) COLLATE utf8mb4_general_ci DEFAULT NULL,
  `diagnosa` varchar(1000) COLLATE utf8mb4_general_ci DEFAULT NULL,
  `idpet` int NOT NULL,
  `dokter_pemeriksa` int NOT NULL,
  `idreservasi_dokter` int DEFAULT NULL,
  PRIMARY KEY (`idrekam_medis`),
  KEY `fk_rekam_medis_pet1_idx` (`idpet`),
  KEY `fk_rekam_medis_role_user1_idx` (`dokter_pemeriksa`),
  KEY `fk_rekam_medis_temu_dokter1_idx` (`idreservasi_dokter`),
  CONSTRAINT `fk_rekam_medis_pet1` FOREIGN KEY (`idpet`) REFERENCES `pet` (`idpet`),
  CONSTRAINT `fk_rekam_medis_temu_dokter1` FOREIGN KEY (`idreservasi_dokter`) REFERENCES `temu_dokter` (`idreservasi_dokter`),
  CONSTRAINT `rekam_medis_ibfk_1` FOREIGN KEY (`dokter_pemeriksa`) REFERENCES `role_user` (`idrole_user`)
) ENGINE=InnoDB DEFAULT CHARSET=utf8mb4 COLLATE=utf8mb4_general_ci;
/*!40101 SET character_set_client = @saved_cs_client */;

--
-- Dumping data for table `rekam_medis`
--

LOCK TABLES `rekam_medis` WRITE;
/*!40000 ALTER TABLE `rekam_medis` DISABLE KEYS */;
/*!40000 ALTER TABLE `rekam_medis` ENABLE KEYS */;
UNLOCK TABLES;

--
-- Table structure for table `role`
--

DROP TABLE IF EXISTS `role`;
/*!40101 SET @saved_cs_client     = @@character_set_client */;
/*!50503 SET character_set_client = utf8mb4 */;
CREATE TABLE `role` (
  `idrole` int NOT NULL AUTO_INCREMENT,
  `nama_role` varchar(100) COLLATE utf8mb4_general_ci DEFAULT NULL,
  PRIMARY KEY (`idrole`)
) ENGINE=InnoDB AUTO_INCREMENT=5 DEFAULT CHARSET=utf8mb4 COLLATE=utf8mb4_general_ci;
/*!40101 SET character_set_client = @saved_cs_client */;

--
-- Dumping data for table `role`
--

LOCK TABLES `role` WRITE;
/*!40000 ALTER TABLE `role` DISABLE KEYS */;
INSERT INTO `role` VALUES (1,'Administrator'),(2,'Dokter'),(3,'Perawat'),(4,'Resepsionis');
/*!40000 ALTER TABLE `role` ENABLE KEYS */;
UNLOCK TABLES;

--
-- Table structure for table `role_user`
--

DROP TABLE IF EXISTS `role_user`;
/*!40101 SET @saved_cs_client     = @@character_set_client */;
/*!50503 SET character_set_client = utf8mb4 */;
CREATE TABLE `role_user` (
  `idrole_user` int NOT NULL AUTO_INCREMENT,
  `iduser` bigint NOT NULL,
  `idrole` int NOT NULL,
  `status` tinyint NOT NULL DEFAULT '1',
  PRIMARY KEY (`idrole_user`),
  KEY `fk_role_user_user_idx` (`iduser`),
  KEY `fk_role_user_role1_idx` (`idrole`),
  CONSTRAINT `fk_role_user_role1` FOREIGN KEY (`idrole`) REFERENCES `role` (`idrole`),
  CONSTRAINT `fk_role_user_user` FOREIGN KEY (`iduser`) REFERENCES `user` (`iduser`)
) ENGINE=InnoDB AUTO_INCREMENT=28 DEFAULT CHARSET=utf8mb4 COLLATE=utf8mb4_general_ci;
/*!40101 SET character_set_client = @saved_cs_client */;

--
-- Dumping data for table `role_user`
--

LOCK TABLES `role_user` WRITE;
/*!40000 ALTER TABLE `role_user` DISABLE KEYS */;
INSERT INTO `role_user` VALUES (1,6,1,0),(2,6,3,0),(3,6,2,0),(4,6,4,0),(22,8,1,1),(23,8,2,1),(24,8,3,1),(25,9,1,1),(26,9,3,1),(27,9,4,1);
/*!40000 ALTER TABLE `role_user` ENABLE KEYS */;
UNLOCK TABLES;

--
-- Table structure for table `temu_dokter`
--

DROP TABLE IF EXISTS `temu_dokter`;
/*!40101 SET @saved_cs_client     = @@character_set_client */;
/*!50503 SET character_set_client = utf8mb4 */;
CREATE TABLE `temu_dokter` (
  `idreservasi_dokter` int NOT NULL AUTO_INCREMENT,
  `no_urut` int DEFAULT NULL,
  `waktu_daftar` timestamp NULL DEFAULT CURRENT_TIMESTAMP,
  `status` char(1) COLLATE utf8mb4_general_ci DEFAULT NULL,
  `idpet` int NOT NULL,
  `idrole_user` int NOT NULL,
  PRIMARY KEY (`idreservasi_dokter`),
  KEY `fk_temu_dokter_pet1_idx` (`idpet`),
  KEY `fk_temu_dokter_role_user1_idx` (`idrole_user`),
  CONSTRAINT `fk_temu_dokter_pet1` FOREIGN KEY (`idpet`) REFERENCES `pet` (`idpet`),
  CONSTRAINT `fk_temu_dokter_role_user1` FOREIGN KEY (`idrole_user`) REFERENCES `role_user` (`idrole_user`)
) ENGINE=InnoDB AUTO_INCREMENT=2 DEFAULT CHARSET=utf8mb4 COLLATE=utf8mb4_general_ci;
/*!40101 SET character_set_client = @saved_cs_client */;

--
-- Dumping data for table `temu_dokter`
--

LOCK TABLES `temu_dokter` WRITE;
/*!40000 ALTER TABLE `temu_dokter` DISABLE KEYS */;
INSERT INTO `temu_dokter` VALUES (1,1,'2025-09-14 06:39:50','1',2,3);
/*!40000 ALTER TABLE `temu_dokter` ENABLE KEYS */;
UNLOCK TABLES;

--
-- Table structure for table `user`
--

DROP TABLE IF EXISTS `user`;
/*!40101 SET @saved_cs_client     = @@character_set_client */;
/*!50503 SET character_set_client = utf8mb4 */;
CREATE TABLE `user` (
  `iduser` bigint NOT NULL AUTO_INCREMENT,
  `nama` varchar(500) COLLATE utf8mb4_general_ci NOT NULL,
  `email` varchar(200) COLLATE utf8mb4_general_ci NOT NULL,
  `password` varchar(300) COLLATE utf8mb4_general_ci NOT NULL,
  PRIMARY KEY (`iduser`),
  UNIQUE KEY `email` (`email`)
) ENGINE=InnoDB AUTO_INCREMENT=16 DEFAULT CHARSET=utf8mb4 COLLATE=utf8mb4_general_ci;
/*!40101 SET character_set_client = @saved_cs_client */;

--
-- Dumping data for table `user`
--

LOCK TABLES `user` WRITE;
/*!40000 ALTER TABLE `user` DISABLE KEYS */;
INSERT INTO `user` VALUES (6,'admin','admin@mail.com','$2y$12$Q/rw1PeGP2V1mdzJZxLS3.zlHtQvDBVgLTWHf64GJDg.vt5Q3NlTG'),(8,'helli','a.jamaalul@gmail.com','$2y$12$dnZter8vmdWywxqCVcYjveF5uhWATrsdjZ60a6NtYwtnATc3LbokS'),(9,'saya','saya@gmail.com','$2y$12$onrkmCW4wEJpyKj/tGcQVe6lMPaRXnVgPeVw6Mve2dwiUjYZX5dJe'),(15,'owi','owi@gmail.com','$2y$12$WoyYUd/eYkhZFUXeJnD8burnS0URxGNiiwKz/E2bFMCrvi6pbAW8y');
/*!40000 ALTER TABLE `user` ENABLE KEYS */;
UNLOCK TABLES;

--
-- Dumping routines for database 'rshp'
--
/*!40103 SET TIME_ZONE=@OLD_TIME_ZONE */;

/*!40101 SET SQL_MODE=@OLD_SQL_MODE */;
/*!40014 SET FOREIGN_KEY_CHECKS=@OLD_FOREIGN_KEY_CHECKS */;
/*!40014 SET UNIQUE_CHECKS=@OLD_UNIQUE_CHECKS */;
/*!40101 SET CHARACTER_SET_CLIENT=@OLD_CHARACTER_SET_CLIENT */;
/*!40101 SET CHARACTER_SET_RESULTS=@OLD_CHARACTER_SET_RESULTS */;
/*!40101 SET COLLATION_CONNECTION=@OLD_COLLATION_CONNECTION */;
/*!40111 SET SQL_NOTES=@OLD_SQL_NOTES */;

-- Dump completed on 2025-10-03 19:27:53
